Workbook

Sheet 🛤️ Learning Paths
A1: 🛤️ SNS'S LEARNING PATHS
A2: Type directly to add a learning path. Path names auto-populate all dropdowns. Completed paths archive their tasks here as a collapsible group below this table.
A3: # | B3: Learning Path Name | C3: Description | D3: Platform / Source | E3: Total Topics Planned | F3: Topics Completed | G3: % Complete | H3: 📍 Where I Left Off (Current Topic) | I3: Last Studied Date | J3: Status | K3: Notes / Next Steps
A4: 1 | G4: =IFERROR(F4/E4,"")
A5: 2 | G5: =IFERROR(F5/E5,"")
A6: 3 | G6: =IFERROR(F6/E6,"")
A7: 4 | G7: =IFERROR(F7/E7,"")
A8: 5 | G8: =IFERROR(F8/E8,"")
A9: 6 | G9: =IFERROR(F9/E9,"")
A10: 7 | G10: =IFERROR(F10/E10,"")
A11: 8 | G11: =IFERROR(F11/E11,"")
A12: 9 | G12: =IFERROR(F12/E12,"")
A13: 10 | G13: =IFERROR(F13/E13,"")
A14: 11 | G14: =IFERROR(F14/E14,"")
A15: 12 | G15: =IFERROR(F15/E15,"")
... A103: 100 | G103: =IFERROR(F103/E103,"")
A106: 📦 COMPLETED PATH ARCHIVES — Managed automatically by Apps Script
A107: When a Learning Path is marked Completed, its tasks are moved here as a collapsible group. Click the + / − on the left row numbers to expand.

Sheet 📚 Study Log
A1: 📚 SNS'S STUDY PLAN — 1-4-7 Spaced Repetition Log
A2: 🔵 Initiated 🟡 In Progress 🟢 Completed 🔴 Day-4 Due 🟠 Day-7 Due ✅ Mastered | Sorts: Active → by Path then Start Date | Completed → bottom | Click date cells (E/F/G) to use date picker
A3: # | B3: Learning Path | C3: Topic / Task | D3: Subject / Tag | E3: Start Date | F3: Initiated Date | G3: Completed Date | H3: Status | I3: Resource Link / Notes | J3: Resource Type | K3: Day-4 Date | L3: Day-4 Done? ✓ | M3: Day-7 Date | N3: Day-7 Done? ✓ | O3: Confidence (1–5 ⭐) | P3: Remarks
A4: 1 | K4: =IF(G4<>"",G4+3,"") | M4: =IF(G4<>"",G4+6,"")
A5: 2 | K5: =IF(G5<>"",G5+3,"") | M5: =IF(G5<>"",G5+6,"")
A6: 3 | K6: =IF(G6<>"",G6+3,"") | M6: =IF(G6<>"",G6+6,"")
A7: 4 | K7: =IF(G7<>"",G7+3,"") | M7: =IF(G7<>"",G7+6,"")
A8: 5 | K8: =IF(G8<>"",G8+3,"") | M8: =IF(G8<>"",G8+6,"")
A9: 6 | K9: =IF(G9<>"",G9+3,"") | M9: =IF(G9<>"",G9+6,"")
A10: 7 | K10: =IF(G10<>"",G10+3,"") | M10: =IF(G10<>"",G10+6,"")
A11: 8 | K11: =IF(G11<>"",G11+3,"") | M11: =IF(G11<>"",G11+6,"")
A12: 9 | K12: =IF(G12<>"",G12+3,"") | M12: =IF(G12<>"",G12+6,"")
A13: 10 | K13: =IF(G13<>"",G13+3,"") | M13: =IF(G13<>"",G13+6,"")
A14: 11 | K14: =IF(G14<>"",G14+3,"") | M14: =IF(G14<>"",G14+6,"")
A15: 12 | K15: =IF(G15<>"",G15+3,"") | M15: =IF(G15<>"",G15+6,"")
... A203: 200 | K203: =IF(G203<>"",G203+3,"") | M203: =IF(G203<>"",G203+6,"")

Sheet 📋 Tasks by Category
A1: 📋 TASKS BY CATEGORY — Auto-grouped by Learning Path
A2: This view is auto-generated by Apps Script. Click '🔄 Refresh View' to rebuild after adding tasks or paths.
A3: 🔄 REFRESH VIEW (Run rebuildCategoryView() in Apps Script or use the button after setup)
A5: 📌 No data yet. Add learning paths in 🛤️ Learning Paths, add tasks in 📚 Study Log, then click Refresh.

Sheet 📅 Task Scheduler
A1: 📅 SNS'S TASK SCHEDULER
A2: Plan your study sessions. Only non-completed tasks appear in dropdowns. Today panel auto-suggests overdue/due revisions.
A4: 📌 TODAY
A5: =("📅 " & TEXT(TODAY(),"DDDD, DD MMMM YYYY"))
A6: ⚡ Auto-suggested revisions due today (Apps Script fills this)
A7: Date | B7: Day | C7: Task | D7: Learning Path | E7: Session Type | F7: Planned Mins | G7: Actual Mins | H7: Done? | I7: Notes
A8: — auto —
A9: — auto —
A10: — auto —
A11: — auto —
A12: — auto —
A13: ✏️ Manual slots — add extra tasks for today
A20: 📆 THIS WEEK
A21: =("Week of: " & TEXT(TODAY()-WEEKDAY(TODAY(),2)+1,"DD MMM") & " – " & TEXT(TODAY()-WEEKDAY(TODAY(),2)+7,"DD MMM YYYY"))
A22: Date | B22: Day | C22: Task (dropdown) | D22: Learning Path | E22: Session Type | F22: Planned Mins | G22: Actual Mins | H22: Done? | I22: Notes
A23: =TEXT(TODAY()-WEEKDAY(TODAY(),2)+1,"DD-MMM") | B23: Monday
A24: =TEXT(TODAY()-WEEKDAY(TODAY(),2)+1,"DD-MMM")
A25: =TEXT(TODAY()-WEEKDAY(TODAY(),2)+1,"DD-MMM")
A26: =TEXT(TODAY()-WEEKDAY(TODAY(),2)+2,"DD-MMM") | B26: Tuesday
A27: =TEXT(TODAY()-WEEKDAY(TODAY(),2)+2,"DD-MMM")
A28: =TEXT(TODAY()-WEEKDAY(TODAY(),2)+2,"DD-MMM")
A29: =TEXT(TODAY()-WEEKDAY(TODAY(),2)+3,"DD-MMM") | B29: Wednesday
A30: =TEXT(TODAY()-WEEKDAY(TODAY(),2)+3,"DD-MMM")
A31: =TEXT(TODAY()-WEEKDAY(TODAY(),2)+3,"DD-MMM")
A32: =TEXT(TODAY()-WEEKDAY(TODAY(),2)+4,"DD-MMM") | B32: Thursday
A33: =TEXT(TODAY()-WEEKDAY(TODAY(),2)+4,"DD-MMM")
A34: =TEXT(TODAY()-WEEKDAY(TODAY(),2)+4,"DD-MMM")
A35: =TEXT(TODAY()-WEEKDAY(TODAY(),2)+5,"DD-MMM") | B35: Friday
A36: =TEXT(TODAY()-WEEKDAY(TODAY(),2)+5,"DD-MMM")
A37: =TEXT(TODAY()-WEEKDAY(TODAY(),2)+5,"DD-MMM")
A38: =TEXT(TODAY()-WEEKDAY(TODAY(),2)+6,"DD-MMM") | B38: Saturday
A39: =TEXT(TODAY()-WEEKDAY(TODAY(),2)+6,"DD-MMM")
A40: =TEXT(TODAY()-WEEKDAY(TODAY(),2)+6,"DD-MMM")
A41: =TEXT(TODAY()-WEEKDAY(TODAY(),2)+7,"DD-MMM") | B41: Sunday
A42: =TEXT(TODAY()-WEEKDAY(TODAY(),2)+7,"DD-MMM")
A43: =TEXT(TODAY()-WEEKDAY(TODAY(),2)+7,"DD-MMM")

Sheet 📊 Progress & Charts
A1: 📊 SNS'S PROGRESS & CHARTS
A2: Overall stats update live. Path cards + doughnut charts are built by Apps Script. Click '🔄 Rebuild Charts' after adding paths.
A4: 📈 OVERALL STATS
A5: Total Paths | B5: Active Paths | C5: Total Tasks | D5: Completed | E5: Mastered | F5: Due Today | G5: Overdue | H5: On Hold
A6: =COUNTA('🛤️ Learning Paths'!B4:B103) | B6: =COUNTIF('🛤️ Learning Paths'!J4:J103,"In Progress") | C6: =COUNTA('📚 Study Log'!C4:C203) | D6: =COUNTIF('📚 Study Log'!H4:H203,"Completed") | E6: =COUNTIFS('📚 Study Log'!L4:L203,"✅ Done",'📚 Study Log'!N4:N203,"✅ Done") | F6: =COUNTIFS('📚 Study Log'!K4:K203,TODAY(),'📚 Study Log'!L4:L203,"<>✅ Done") | G6: =COUNTIFS('📚 Study Log'!K4:K203,"<"&TODAY(),'📚 Study Log'!L4:L203,"<>✅ Done",'📚 Study Log'!K4:K203,"<>"") | H6: =COUNTIF('📚 Study Log'!H4:H203,"On Hold")
A8: 🔄 PATH CARDS & DOUGHNUT CHARTS — Click Rebuild Charts to generate
A9: One card + doughnut chart per learning path is auto-built by Apps Script. Charts update live once created. Run rebuildProgressCharts() from Extensions → Apps Script.

Sheet 🔗 Resource Library
A1: 🔗 RESOURCE LIBRARY
A2: Catalog all resources. Link to a Learning Path to surface them in Tasks by Category.
A3: # | B3: Resource Title | C3: Type | D3: URL / Location | E3: Learning Path | F3: Related Topic | G3: Quality ⭐ | H3: Notes
A4: 1
A5: 2
A6: 3
A7: 4
A8: 5
A9: 6
A10: 7
A11: 8
A12: 9
A13: 10
A14: 11
A15: 12
... A203: 200

Sheet ❓ How To Use
A1: ❓ HOW TO USE SNS'S STUDY PLAN
A2: SETUP (do once)
A3: 1. Import this .xlsx into Google Sheets (File → Import → Replace spreadsheet).
A4: 2. Go to Extensions → Apps Script → paste the contents of sns_apps_script.js → Save.
A5: 3. Run the setup() function once — this creates named ranges and installs triggers.
A6: 4. Reload the spreadsheet. You're ready!
A8: ADDING LEARNING PATHS
A9: Open 🛤️ Learning Paths. Type the path name in col B — it instantly appears in all dropdowns.
A10: Fill in Description, Platform, Total Topics Planned, Where I Left Off, and Status.
A11: Update '📍 Where I Left Off' (col H) as you progress through the path.
A13: LOGGING A TASK (Study Log)
A14: Select the Learning Path from dropdown (col B). Enter Topic, Tag, and click col E for Start Date.
... A48: M=Day-7 Date N=Day-7 Done O=Confidence P=Remarks

Sheet ⚙️ Config
A1: Resource Types | B1: Status Options | C1: Done Options | D1: Session Types | E1: Platforms | F1: Path Status | G1: Confidence | H1: Left Off Label
A2: YouTube Video | B2: Not Started | C2: ✅ Done | D2: New Study | E2: TryHackMe | F2: Not Started | G2: ⭐ 1 | H2: 📍 Where I Left Off
A3: Article/Blog | B3: Initiated | C3: ⏳ Pending | D3: Day-4 Revision | E3: HackTheBox | F3: In Progress | G3: ⭐⭐ 2
A4: PDF/Book | B4: In Progress | C4: ❌ Skipped | D4: Day-7 Revision | E4: YouTube | F4: On Hold | G4: ⭐⭐⭐ 3
A5: Online Course | B5: Completed | D5: Practice | E5: Udemy | F5: Completed | G5: ⭐⭐⭐⭐ 4
A6: Lecture Notes | B6: On Hold | D6: Review | E6: Coursera | G6: ⭐⭐⭐⭐⭐ 5
A7: Problem Set | E7: Book
A8: Podcast | E8: Blog
A9: Other | E9: Other
